code,discount
BKS13105,10
BKS17064,15
BKS13106,10
BKS18137,15
BKS10549,10
BKS12427,10
BKS10666,10
BKS14733,15
BKS19720,15
BKS12747,10
BKS18891,15
BKS19022,15
BKS16844,15
BKS11474,10
BKS13130,10
BKS14116,10
BKS13561,10
BKS14948,15
BKS19853,15
BKS11126,10
BKS13485,10
BKS17780,15
BKS15619,15
BKS11278,10
BKS14200,10
BKS18719,15
BKS12335,10
BKS14083,10
BKS17014,15
BKS19783,15
BKS17273,15
BKS18749,15
BKS11443,10
BKS17575,15
BKS16975,15
BKS11373,10
BKS15074,15
BKS14070,10
BKS17868,15
BKS17050,15
BKS11850,10
BKS14853,15
BKS19331,15
BKS17219,15
BKS14059,10
BKS18732,15
BKS19161,15
BKS18889,15
BKS15439,15
BKS14839,15
BKS17352,15
BKS13652,10
BKS10548,10
BKS15062,15
BKS13240,10
BKS13941,10
BKS18245,15
BKS13831,10
BKS13699,10
BKS15521,15
BKS11418,10
BKS10932,10
BKS17378,15
BKS13499,10
BKS18441,15
BKS10977,10
BKS13924,10
BKS16843,15
BKS10887,10
BKS15108,15
BKS17998,15
BKS10238,10
BKS12314,10
BKS14848,15
BKS12817,10
BKS12522,10
BKS14231,10
BKS14784,15
BKS14888,15
BKS19577,15
BKS11539,10
BKS15578,15
BKS17066,15
BKS16640,15
BKS18978,15
BKS13456,10
BKS17742,15
BKS15614,15
BKS18790,15
BKS14260,10
BKS17487,15
BKS14097,10
BKS16553,15
BKS17035,15
BKS13544,10
BKS18966,15
BKS19594,15
BKS11297,10
BKS19449,15
BKS17969,15
BKS10011,10
BKS14554,10
BKS15737,15
BKS14858,15
BKS18368,15
BKS14767,15
BKS14026,10
BKS10903,10
BKS14913,15
BKS10617,10
BKS14504,10
BKS13657,10
BKS19048,15
BKS12422,10
BKS12405,10
BKS14451,10
BKS12292,10
BKS13203,10
BKS14890,15
BKS14290,10
BKS14799,15
BKS16886,15
BKS15365,15
BKS18079,15
BKS12596,10
BKS17380,15
BKS11815,10
BKS11712,10
BKS10931,10
BKS14135,10
BKS11695,10
BKS10776,10
BKS13171,10
BKS18702,15
BKS10277,10
BKS10749,10
BKS11600,10
BKS17967,15
BKS19818,15
BKS14045,10
BKS15890,15
BKS13819,10
BKS16859,15
BKS14596,10
BKS12157,10
BKS10505,10
BKS14800,15
BKS17964,15
BKS14531,10
BKS17765,15
BKS10269,10
BKS10529,10
BKS15685,15
BKS11003,10
BKS17999,15
BKS12489,10
BKS14556,10
BKS14460,10
BKS13824,10
BKS10494,10
BKS15828,15
BKS17605,15
BKS11249,10
BKS13607,10
BKS11066,10
BKS18944,15
BKS13420,10
BKS17153,15
BKS17786,15
BKS17216,15
BKS11174,10
BKS12353,10
BKS15823,15
BKS10839,10
BKS14595,10
BKS13277,10
BKS10535,10
BKS10816,10
BKS18346,15
BKS19583,15
BKS14644,15
BKS18328,15
BKS14140,10
BKS10512,10
BKS11143,10
BKS14628,15
BKS13387,10
BKS11326,10
BKS17094,15
BKS12617,10
BKS18766,15
BKS10554,10
BKS13348,10
BKS12948,10
BKS15552,15
BKS17759,15
BKS14539,10
BKS15034,15
BKS15100,15
BKS11598,10
BKS17530,15
BKS15510,15
BKS19557,15
BKS17155,15
BKS14225,10
BKS18946,15
BKS11014,10
BKS16078,15
BKS16924,15
BKS18505,15
BKS19063,15
BKS17515,15
BKS16534,15
BKS10358,10
BKS15084,15
BKS14831,15
BKS18919,15
BKS10815,10
BKS10924,10
BKS19032,15
BKS17792,15
BKS13242,10
BKS13386,10
BKS11097,10
BKS16237,15
BKS18761,15
BKS12942,10
BKS16813,15
BKS18070,15
BKS13056,10
BKS14371,10
BKS17448,15
BKS13410,10
BKS11180,10
BKS19358,15
BKS12441,10
BKS12261,10
BKS19881,15
BKS15793,15
BKS18306,15
BKS10513,10
BKS15379,15
BKS15986,15
BKS17284,15
BKS13914,10
BKS10661,10
BKS17118,15
BKS16852,15
BKS16340,15
BKS16082,15
BKS19648,15
BKS14716,15
BKS12294,10
BKS16329,15
BKS10123,10
BKS10644,10
BKS12429,10
BKS12908,10
BKS10168,10
BKS14510,10
BKS11654,10
BKS10900,10
BKS12727,10
BKS12208,10
BKS16432,15
BKS11262,10
BKS12371,10
BKS13362,10
BKS10907,10
BKS13231,10
BKS10930,10
BKS18045,15
BKS12071,10
BKS10970,10
BKS16006,15
BKS10339,10
BKS13481,10
BKS19951,15
BKS16789,15
BKS12999,10
BKS10550,10
BKS14142,10
BKS19312,15
BKS12822,10
BKS16947,15
BKS15945,15
BKS17430,15
BKS19179,15
BKS15452,15
BKS13733,10
BKS19238,15
BKS11273,10
BKS13158,10
BKS14383,10
BKS10407,10
BKS17727,15
BKS14458,10
BKS10154,10
BKS10625,10
BKS18317,15
BKS17447,15
BKS13785,10
BKS12654,10
BKS19187,15
BKS19801,15
BKS10873,10
BKS13774,10
BKS10675,10
BKS13119,10
BKS15493,15
BKS12236,10
BKS17743,15
BKS16690,15
BKS14022,10
BKS17540,15
BKS18027,15
BKS19958,15
BKS10507,10
BKS16976,15
BKS16676,15
BKS14854,15
BKS15047,15
BKS19675,15
BKS14484,10
BKS14175,10
BKS11177,10
BKS12164,10
BKS17100,15
BKS12976,10
BKS12080,10
BKS13842,10
BKS10940,10
BKS12609,10
BKS19806,15
BKS10771,10
BKS17509,15
BKS13282,10
BKS18971,15
BKS10595,10
BKS10508,10
BKS14602,10
BKS13182,10
BKS15471,15
BKS12471,10
BKS18688,15
BKS19802,15
BKS10230,10
BKS14735,15
BKS13062,10
BKS10738,10
BKS13454,10
BKS19009,15
BKS15760,15
BKS13527,10
BKS17631,15
BKS11631,10
BKS14609,10
BKS14518,10
BKS13147,10
BKS10014,10
BKS17432,15
BKS10750,10
BKS10689,10
BKS15311,15
BKS18351,15
BKS19752,15
BKS11636,10
BKS15630,15
BKS19138,15
BKS15537,15
BKS10472,10
BKS11000,10
BKS19861,15
BKS17475,15
BKS14393,10
BKS19117,15
BKS11039,10
BKS16235,15
BKS12737,10
BKS19522,15
BKS16706,15
BKS14639,15
BKS13046,10
BKS14483,10
BKS10876,10
BKS12954,10
BKS13439,10
BKS15350,15
BKS15991,15
BKS10831,10
BKS13804,10
BKS17932,15
BKS11002,10
BKS17320,15
BKS11098,10
BKS14521,10
BKS19224,15
BKS12612,10
BKS10162,10
BKS19947,15
BKS15202,15
BKS13251,10
BKS11041,10
BKS14790,15
BKS17002,15
BKS12823,10
BKS13364,10
BKS11353,10
BKS15478,15
BKS18653,15
BKS15637,15
BKS11731,10
BKS10736,10
BKS19325,15
BKS19148,15
BKS12173,10
BKS10255,10
BKS17531,15
BKS13209,10
BKS13498,10
BKS10503,10
BKS17993,15
BKS17462,15
BKS11175,10
BKS17266,15
BKS19545,15
BKS13032,10
BKS15353,15
BKS19013,15
BKS18659,15
BKS18087,15
BKS10602,10
BKS10311,10
BKS17684,15
BKS19221,15
BKS11693,10
BKS15185,15
BKS16944,15
BKS13685,10
BKS10881,10
BKS18303,15
BKS12530,10
BKS15468,15
BKS13342,10
BKS19779,15
BKS11786,10
BKS15198,15
BKS17077,15
BKS16725,15
BKS17075,15
BKS10282,10
BKS13068,10
BKS10994,10
BKS15517,15
BKS11847,10
BKS10099,10
BKS10597,10
BKS16612,15
BKS16645,15
BKS17556,15
BKS17560,15
BKS13508,10
BKS18335,15
BKS17512,15
BKS17957,15
BKS14221,10
BKS15912,15
BKS10120,10
BKS12006,10
BKS17235,15
BKS14292,10
BKS15152,15
BKS19905,15
BKS10149,10
BKS17421,15
BKS13681,10
BKS17760,15
BKS19128,15
BKS11048,10
BKS11866,10
BKS15501,15
BKS12229,10
BKS17260,15
BKS18600,15
BKS15611,15
BKS12651,10
BKS12046,10
BKS14448,10
BKS10829,10
BKS17559,15
BKS18411,15
BKS17370,15
BKS10634,10
BKS19799,15
BKS13506,10
BKS10925,10
BKS13194,10
BKS17095,15
BKS11201,10
BKS12228,10
BKS11964,10
BKS12220,10
BKS12495,10
BKS16860,15
BKS14410,10
BKS15097,15
BKS10247,10
BKS12783,10
BKS14562,10
BKS12781,10
BKS13916,10
BKS10752,10
BKS19970,15
BKS17717,15
BKS11394,10
BKS19657,15
BKS18314,15
BKS10274,10
BKS17532,15
BKS12265,10
BKS16270,15
BKS10980,10
BKS19196,15
BKS13746,10
BKS15385,15
BKS17619,15
BKS10107,10
BKS10563,10
BKS13638,10
BKS13054,10
BKS10642,10
BKS13346,10
BKS15801,15
BKS17290,15
BKS10594,10
BKS18953,15
BKS13584,10
BKS15242,15
BKS14898,15
BKS11723,10
BKS16466,15
BKS15234,15
BKS19354,15
BKS10117,10
BKS19701,15
BKS16081,15
BKS18039,15
BKS10911,10
BKS17706,15
BKS19478,15
BKS14651,15
BKS19632,15
BKS13100,10
BKS15999,15
BKS18161,15
BKS15617,15
BKS11018,10
BKS12713,10
BKS15589,15
BKS15314,15
BKS10756,10
BKS18759,15
BKS13264,10
BKS13526,10
BKS19979,15
BKS19513,15
BKS18536,15
BKS12019,10
BKS11305,10
BKS12718,10
BKS14804,15
BKS16523,15
BKS17926,15
BKS15952,15
BKS11490,10
BKS14565,10
BKS17838,15
BKS14012,10
BKS19995,15
BKS17059,15
BKS18942,15
BKS17659,15
BKS10998,10
BKS18130,15
BKS16928,15
BKS14736,15
BKS15702,15
BKS10153,10
BKS15914,15
BKS14366,10
BKS19878,15
BKS18340,15
BKS12037,10
BKS17243,15
BKS11346,10
BKS13267,10
BKS11208,10
BKS15925,15
BKS19242,15
BKS11009,10
BKS15518,15
BKS13053,10
BKS14237,10
BKS18808,15
BKS10956,10
BKS19191,15
BKS12768,10
BKS18051,15
BKS19998,15
BKS16356,15
BKS10612,10
BKS11938,10
BKS11528,10
BKS15642,15
BKS14867,15
BKS17022,15
BKS19527,15
BKS18408,15
BKS19823,15
BKS16798,15
BKS12102,10
BKS12588,10
BKS17748,15
BKS14219,10
BKS14999,15
BKS12636,10
BKS16526,15
BKS18198,15
BKS12864,10
BKS12343,10
BKS19699,15
BKS10971,10
BKS10869,10
BKS14486,10
BKS18047,15
BKS12176,10
BKS17691,15
BKS13313,10
BKS14389,10
BKS19814,15
BKS19284,15
BKS11484,10
BKS13839,10
BKS13534,10
BKS19459,15
BKS19680,15
BKS12630,10
BKS19703,15
BKS10175,10
BKS11256,10
BKS16249,15
BKS12457,10
BKS11700,10
BKS18793,15
BKS13773,10
BKS10915,10
BKS15871,15
BKS16035,15
BKS14717,15
BKS16370,15
BKS16604,15
BKS15110,15
BKS15372,15
BKS17567,15
BKS18582,15
BKS15444,15
BKS11340,10
BKS16883,15
BKS12619,10
BKS14779,15
BKS11541,10
BKS12625,10
BKS11156,10
BKS16017,15
BKS15605,15
BKS14720,15
BKS11120,10
BKS11192,10
BKS19327,15
BKS14148,10
BKS19902,15
BKS14223,10
BKS19211,15
BKS12537,10
BKS18076,15
BKS11880,10
BKS17766,15
BKS12030,10
BKS17541,15
BKS19891,15
BKS10823,10
BKS18425,15
BKS15797,15
BKS10584,10
BKS13720,10
BKS12237,10
BKS13425,10
BKS14315,10
BKS15873,15
BKS12884,10
BKS16980,15
BKS12903,10
BKS12725,10
BKS16573,15
BKS15889,15
BKS17392,15
BKS13856,10
BKS17363,15
BKS13253,10
BKS12885,10
BKS16907,15
BKS17300,15
BKS10813,10
BKS13200,10
BKS13686,10
BKS17821,15
BKS11420,10
BKS17073,15
BKS18682,15
BKS10468,10
BKS18446,15
BKS12966,10
BKS16812,15
BKS12940,10
BKS15869,15
BKS11336,10
BKS17529,15
BKS19444,15
BKS18420,15
BKS16893,15
BKS11552,10
BKS10657,10
BKS14046,10
BKS16741,15
BKS10721,10
BKS13895,10
BKS18709,15
BKS15598,15
BKS16409,15
BKS13480,10
BKS17646,15
BKS19808,15
BKS17733,15
BKS11728,10
BKS14719,15
BKS13910,10
BKS14721,15
BKS17360,15
BKS13008,10
BKS14600,10
BKS16518,15
BKS10782,10
BKS10544,10
BKS14633,15
BKS17230,15
BKS17104,15
BKS18948,15
BKS14685,15
BKS11370,10
BKS10819,10
BKS19287,15
BKS12296,10
BKS10684,10
BKS19378,15
BKS16564,15
BKS19080,15
BKS19107,15
BKS14343,10
BKS19753,15
BKS16117,15
BKS12685,10
BKS17633,15
BKS11258,10
BKS12323,10
BKS15822,15
BKS19664,15
BKS14842,15
BKS15781,15
BKS13913,10
BKS13574,10
BKS14637,15
BKS13169,10
BKS10044,10
BKS18141,15
BKS16008,15
BKS12074,10
BKS10510,10
BKS13930,10
BKS13350,10
BKS14138,10
BKS14199,10
BKS12194,10
BKS16379,15
BKS12856,10
BKS14703,15
BKS10436,10
BKS19422,15
BKS16579,15
BKS13066,10
BKS11145,10
BKS17629,15
BKS13298,10
BKS19705,15
BKS10399,10
BKS14294,10
BKS18950,15
BKS12657,10
BKS19059,15
BKS15628,15
BKS16658,15
BKS12137,10
BKS14293,10
BKS16691,15
BKS12097,10
BKS14224,10
BKS11758,10
BKS11774,10
BKS11567,10
BKS13938,10
BKS10733,10
BKS11118,10
BKS10427,10
BKS10083,10
BKS10674,10
BKS19843,15
BKS10462,10
BKS11915,10
BKS16239,15
BKS18110,15
BKS14778,15
BKS13986,10
BKS14591,10
BKS12112,10
BKS10008,10
BKS11413,10
BKS16527,15
BKS18188,15
BKS13989,10
BKS18565,15
BKS14355,10
BKS10188,10
BKS19069,15
BKS11416,10
BKS16600,15
BKS17891,15
BKS11492,10
BKS12545,10
BKS11439,10
BKS12862,10
BKS14215,10
BKS11328,10
BKS12433,10
BKS13558,10
BKS15111,15
BKS16828,15
BKS19231,15
BKS10709,10
BKS11033,10
BKS15500,15
BKS12456,10
BKS17566,15
BKS12639,10
BKS13117,10
BKS10553,10
BKS17074,15
BKS19205,15
BKS18147,15
BKS10670,10
BKS15125,15
BKS17615,15
BKS10905,10
BKS14878,15
BKS15930,15
BKS11778,10
BKS19088,15
BKS11071,10
BKS10372,10
BKS13625,10
BKS19499,15
BKS15278,15
BKS15238,15
BKS16629,15
BKS15774,15
BKS17313,15
BKS18184,15
BKS17851,15
BKS13340,10
BKS11414,10
BKS12573,10
BKS18607,15
BKS14516,10
BKS12779,10
BKS10519,10
BKS10470,10
BKS19103,15
BKS16832,15
BKS17078,15
BKS18290,15
BKS12135,10
BKS16202,15
BKS19677,15
BKS15613,15
BKS16788,15
BKS16049,15
BKS17347,15
BKS17720,15
BKS11694,10
BKS14270,10
BKS16581,15
BKS16982,15
BKS16319,15
BKS19506,15
BKS19432,15
BKS19710,15
BKS11935,10
BKS11498,10
BKS12234,10
BKS16824,15
BKS13893,10
BKS19794,15
BKS16663,15
BKS16818,15
BKS10101,10
BKS12138,10
BKS10993,10
BKS10198,10
BKS17538,15
BKS11101,10
BKS18713,15
BKS16998,15
BKS16397,15
BKS15783,15
BKS14235,10
BKS10871,10
BKS10896,10
BKS13086,10
BKS13870,10
BKS11744,10
BKS18938,15
BKS19973,15
BKS11364,10
BKS17661,15
BKS11875,10
BKS13170,10
BKS18030,15
BKS18506,15
BKS16266,15
BKS12355,10
BKS17186,15
BKS14435,10
BKS12262,10
BKS11520,10
BKS19854,15
BKS11505,10
BKS15020,15
BKS13642,10
BKS15653,15
BKS13047,10
BKS18838,15
BKS13571,10
BKS17510,15
BKS13934,10
BKS10533,10
BKS19836,15
BKS19733,15
BKS14007,10
BKS14050,10
BKS18924,15
BKS10488,10
BKS11274,10
BKS19101,15
BKS16382,15
BKS19520,15
BKS17670,15
BKS10502,10
BKS19042,15
BKS18529,15
BKS14356,10
BKS18200,15
BKS10412,10
BKS17732,15
BKS15138,15
BKS16278,15
BKS17417,15
BKS11586,10
BKS15579,15
BKS15218,15
BKS10341,10
BKS18616,15
BKS14877,15
BKS14454,10
BKS13363,10
BKS17982,15
BKS19867,15
BKS15067,15
BKS16426,15
BKS17729,15
BKS15864,15
BKS10600,10
BKS14613,15